{"nodes":{"node:4277009102":{"location":{"x":70,"y":-16}}},"selection":null,"view":{"scroll":{"x":-334.44427490234375,"y":-152.81787109375},"zoom":1.5}}