{"nodes":{"node:1":{"location":{"x":288,"y":-197}}},"selection":null,"view":{"scroll":{"x":-214.367141723632813,"y":-335.241058349609375},"zoom":1}}