{"nodes":{"node:1":{"location":{"x":70,"y":-48}}},"selection":null,"view":{"scroll":{"x":-320.978790283203125,"y":-238.10748291015625},"zoom":1.49999988079071045}}