{"nodes":{"node:1":{"location":{"x":406,"y":142}},"node:2":{"location":{"x":789,"y":269}}},"selection":null,"view":{"scroll":{"x":221.579681396484375,"y":26.5106430053710938},"zoom":1.25}}