{"nodes":null,"selection":null,"view":{"scroll":{"x":-214.367141723632813,"y":-335.241058349609375},"zoom":1}}