{"nodes":{"node:1":{"location":{"x":504,"y":618}}},"selection":null,"view":{"scroll":{"x":-118.91363525390625,"y":395.819915771484375},"zoom":1}}