{"nodes":{"node:1":{"location":{"x":26,"y":-181}},"node:2":{"location":{"x":248,"y":-80}},"node:3":{"location":{"x":6,"y":0}}},"selection":null,"view":{"scroll":{"x":-355.4168701171875,"y":-345.968048095703125},"zoom":1.24999988079071045}}