{"nodes":{"node:1":{"location":{"x":104,"y":-48}},"node:2":{"location":{"x":312,"y":15}}},"selection":["node:2"],"view":{"scroll":{"x":-71.74078369140625,"y":-127.584465026855469},"zoom":1}}