{"nodes":{"node:1":{"location":{"x":-56,"y":0}},"node:2":{"location":{"x":182,"y":143}}},"selection":null,"view":{"scroll":{"x":-333.85601806640625,"y":-157.358627319335938},"zoom":1.25}}