{"nodes":{"node:1":{"location":{"x":72,"y":-76}}},"selection":null,"view":{"scroll":{"x":-319.7802734375,"y":-247.20831298828125},"zoom":1}}