{"nodes":{"node:1":{"location":{"x":358,"y":79}}},"selection":["node:1"],"view":{"scroll":{"x":-71.74078369140625,"y":-127.584465026855469},"zoom":1}}