{"nodes":{"node:1":{"location":{"x":214,"y":207}}},"selection":null,"view":{"scroll":{"x":-186.030975341796875,"y":36.5827598571777344},"zoom":1.25}}