{"nodes":{"node:1":{"location":{"x":214,"y":159}}},"selection":null,"view":{"scroll":{"x":-267.83447265625,"y":-3.9934539794921875},"zoom":1.25}}