{"nodes":{"node:1":{"location":{"x":360,"y":14}}},"selection":null,"view":{"scroll":{"x":-36.6580734252929688,"y":-232.22991943359375},"zoom":1}}