{"nodes":null,"selection":null,"view":{"scroll":{"x":-267.83447265625,"y":-3.9934539794921875},"zoom":1.25}}