{"nodes":{"node:1":{"location":{"x":683,"y":37}}},"selection":null,"view":{"scroll":{"x":-36.6580734252929688,"y":-232.22991943359375},"zoom":1}}