{"nodes":{"node:1":{"location":{"x":72,"y":-33}},"node:2":{"location":{"x":360,"y":143}},"node:3":{"location":{"x":136,"y":223}},"node:4":{"location":{"x":326,"y":-32}},"node:5":{"location":{"x":-41,"y":159}}},"selection":null,"view":{"scroll":{"x":-171.000015258789063,"y":-136.000015258789063},"zoom":1.49999988079071045}}