{"nodes":{"node:1":{"location":{"x":0,"y":0}},"node:2":{"location":{"x":-72,"y":-128}}},"selection":["link:302"],"view":{"scroll":{"x":-293.133392333984375,"y":-151.450897216796875},"zoom":1}}