{"nodes":{"node:1":{"location":{"x":198,"y":95}}},"selection":["node:1"],"view":{"scroll":{"x":-151.9696044921875,"y":-113.2728271484375},"zoom":1}}