{"nodes":{"node:1":{"location":{"x":424,"y":95}}},"selection":null,"view":{"scroll":{"x":-50.67724609375,"y":-101.056709289550781},"zoom":1}}